resume_id,user_id,resume_type,structured_data,normalized_data,vector_id,is_embedded,is_primary,created_at,updated_at,resume_name
1,1,uploaded,"{""skills"":[{""name"":""Python"",""level"":9},{""name"":""Django"",""level"":8},{""name"":""PostgreSQL"",""level"":8},{""name"":""Redis"",""level"":7},{""name"":""Docker"",""level"":8},{""name"":""REST API"",""level"":9},{""name"":""Git"",""level"":8}],""privacy"":""public"",""summary"":""5 years Backend development. Led API design and microservices at fintech startup. Strong in Python, distributed systems, database optimization."",""projects"":[""Open source contributor to FastAPI""],""education"":[{""details"":""國立台灣大學 資工系 學士""}],""experience"":[{""title"":""Senior Backend Engineer"",""years"":""3"",""company"":""蝦皮購物"",""achievements"":""Reduced API latency 40%"",""responsibilities"":""Design RESTful APIs, optimize PostgreSQL queries, implement Redis caching. Led migration to microservices.""},{""title"":""Backend Engineer"",""years"":""2"",""company"":""91APP"",""achievements"":""Shipped 5 major features"",""responsibilities"":""Develop e-commerce backend with Django, maintain payment integration.""}],""personal_info"":{""name"":""陳浩宇 (Hao-Yu Chen)"",""email"":""j.smith88@gmail.com"",""github"":""https://github.com/chen-hao-dev"",""location"":""Taipei""}}","{""skills"":[""Python"",""Django"",""PostgreSQL"",""Redis"",""Docker"",""REST API"",""Git""],""contact"":{""name"":""陳浩宇 (Hao-Yu Chen)"",""email"":""j.smith88@gmail.com""},""work_history"":[{""role"":""Senior Backend Engineer"",""company"":""蝦皮購物"",""duration_years"":3},{""role"":""Backend Engineer"",""company"":""91APP"",""duration_years"":2}]}",c95e7f2c-7532-43c6-9e9d-238b28f33703,true,true,2026-02-01 01:28:09+00,2026-02-01 01:28:09+00,資深後端工程師_陳浩宇
2,2,uploaded,"{""skills"":[{""name"":""React"",""level"":8},{""name"":""TypeScript"",""level"":7},{""name"":""Vue.js"",""level"":6},{""name"":""JavaScript"",""level"":8},{""name"":""CSS"",""level"":8},{""name"":""Webpack"",""level"":6},{""name"":""Git"",""level"":7}],""privacy"":""public"",""summary"":""3 years Frontend experience. Build responsive SPA with React, passionate about UX and accessibility."",""projects"":[""Side project: Taiwan travel booking UI""],""education"":[{""details"":""國立陽明交通大學 軟體工程 碩士""}],""experience"":[{""title"":""Frontend Developer"",""years"":""2"",""company"":""HTC"",""achievements"":""Improved page load 30%"",""responsibilities"":""Develop React components, maintain design system, collaborate with UX team.""},{""title"":""Junior Frontend Developer"",""years"":""1"",""company"":""資策會"",""achievements"":""Delivered 3 projects on time"",""responsibilities"":""Implement Vue.js admin panel, fix cross-browser issues.""}],""personal_info"":{""name"":""林雅婷 (Linda Lin)"",""email"":""linda.chen@yahoo.com"",""github"":""https://github.com/linda-lin-tech"",""location"":""Hsinchu""}}","{""skills"":[""React"",""TypeScript"",""Vue.js"",""JavaScript"",""CSS"",""Webpack"",""Git""],""contact"":{""name"":""林雅婷 (Linda Lin)"",""email"":""linda.chen@yahoo.com""},""work_history"":[{""role"":""Frontend Developer"",""company"":""HTC"",""duration_years"":2},{""role"":""Junior Frontend Developer"",""company"":""資策會"",""duration_years"":1}]}",103cacbe-a369-47d4-b56b-5071ca7552f1,true,true,2026-02-01 01:28:09+00,2026-02-01 01:28:09+00,前端工程師_HTC_林雅婷
3,3,uploaded,"{""skills"":[{""name"":""Java"",""level"":9},{""name"":""Kubernetes"",""level"":9},{""name"":""Microservices"",""level"":9},{""name"":""Kafka"",""level"":8},{""name"":""AWS"",""level"":8},{""name"":""Docker"",""level"":9},{""name"":""System Design"",""level"":9},{""name"":""PostgreSQL"",""level"":7}],""privacy"":""private"",""summary"":""8 years building scalable systems. PhD in Distributed Computing. Architected microservices for 10M+ users."",""projects"":[""Speaker at COSCUP""],""education"":[{""details"":""國立成功大學 電機工程 博士""}],""experience"":[{""title"":""System Architect"",""years"":""4"",""company"":""LINE Taiwan"",""achievements"":""Reduced infra cost 25%"",""responsibilities"":""Design system architecture, lead tech decisions, evaluate new technologies.""},{""title"":""Senior Software Engineer"",""years"":""4"",""company"":""趨勢科技"",""achievements"":""Led team of 5"",""responsibilities"":""Build distributed systems, Kafka event streaming, Kubernetes deployment.""}],""personal_info"":{""name"":""王俊傑 (Jason Wang)"",""email"":""tech_guru@outlook.com"",""github"":""https://github.com/wang-tech-pro"",""location"":""New Taipei""}}","{""skills"":[""Java"",""Kubernetes"",""Microservices"",""Kafka"",""AWS"",""Docker"",""System Design"",""PostgreSQL""],""contact"":{""name"":""王俊傑 (Jason Wang)"",""email"":""tech_guru@outlook.com""},""work_history"":[{""role"":""System Architect"",""company"":""LINE Taiwan"",""duration_years"":4},{""role"":""Senior Software Engineer"",""company"":""趨勢科技"",""duration_years"":4}]}",171a74f9-6120-4493-b509-1a92f19f6bfb,true,true,2026-02-01 01:28:09+00,2026-02-01 01:28:09+00,系統架構師_LINE_王俊傑
4,4,uploaded,"{""skills"":[{""name"":""JavaScript"",""level"":6},{""name"":""React"",""level"":6},{""name"":""Node.js"",""level"":5},{""name"":""MongoDB"",""level"":5},{""name"":""Git"",""level"":6}],""privacy"":""public"",""summary"":""2 years Fullstack. Learning fast, eager to grow. Built web apps with React and Node.js."",""projects"":[""個人部落格 fullstack project""],""education"":[{""details"":""淡江大學 資訊管理系 學士""}],""experience"":[{""title"":""Junior Fullstack Developer"",""years"":""2"",""company"":""新創公司 (A輪)"",""achievements"":""Shipped MVP features"",""responsibilities"":""Implement features front-to-back, fix bugs, write tests.""}],""personal_info"":{""name"":""李曉雯 (Sarah Lee)"",""email"":""sarah.w@hotmail.com"",""github"":""https://github.com/sarah-lee-code"",""location"":""Taichung""}}","{""skills"":[""JavaScript"",""React"",""Node.js"",""MongoDB"",""Git""],""contact"":{""name"":""李曉雯 (Sarah Lee)"",""email"":""sarah.w@hotmail.com""},""work_history"":[{""role"":""Junior Fullstack Developer"",""company"":""新創公司 (A輪)"",""duration_years"":2}]}",a1c81e52-9bfc-43d4-8ba5-e46b267ca0f8,true,true,2026-02-01 01:28:09+00,2026-02-01 01:28:09+00,初階全端工程師_李曉雯
5,5,uploaded,"{""skills"":[{""name"":""Kubernetes"",""level"":9},{""name"":""Docker"",""level"":9},{""name"":""AWS"",""level"":9},{""name"":""Terraform"",""level"":8},{""name"":""Jenkins"",""level"":8},{""name"":""Linux"",""level"":9},{""name"":""Python"",""level"":7},{""name"":""Prometheus"",""level"":8},{""name"":""CI/CD"",""level"":9}],""privacy"":""public"",""summary"":""10 years DevOps/SRE. Built CI/CD from scratch, managed K8s clusters for 50+ services. Cloud-native expert."",""projects"":[""Open source: K8s Helm charts""],""education"":[{""details"":""國立臺灣科技大學 電子工程 碩士""}],""experience"":[{""title"":""DevOps Lead"",""years"":""5"",""company"":""PChome"",""achievements"":""99.9% uptime, 50% faster deploy"",""responsibilities"":""Own CI/CD pipeline, manage K8s, on-call rotation, cost optimization.""},{""title"":""DevOps Engineer"",""years"":""5"",""company"":""Yahoo Taiwan"",""achievements"":""Automated 80% manual ops"",""responsibilities"":""Terraform infra, Jenkins, monitoring with Prometheus/Grafana.""}],""personal_info"":{""name"":""洪明德 (Michael Hung)"",""email"":""mike_dev@protonmail.com"",""github"":""https://github.com/mike-hung-dev"",""location"":""Taipei""}}","{""skills"":[""Kubernetes"",""Docker"",""AWS"",""Terraform"",""Jenkins"",""Linux"",""Python"",""Prometheus"",""CI/CD""],""contact"":{""name"":""洪明德 (Michael Hung)"",""email"":""mike_dev@protonmail.com""},""work_history"":[{""role"":""DevOps Lead"",""company"":""PChome"",""duration_years"":5},{""role"":""DevOps Engineer"",""company"":""Yahoo Taiwan"",""duration_years"":5}]}",b0f12ebd-d7fe-4a1d-8ff2-ab7a3a764ac4,true,true,2026-02-01 01:28:09+00,2026-02-01 01:28:09+00,DevOps_SRE_洪明德
6,6,uploaded,"{""skills"":[{""name"":""React Native"",""level"":8},{""name"":""Swift"",""level"":7},{""name"":""Flutter"",""level"":5},{""name"":""JavaScript"",""level"":7},{""name"":""iOS"",""level"":8},{""name"":""Git"",""level"":7}],""privacy"":""public"",""summary"":""4 years Mobile development. React Native and native iOS. Shipped 3 apps to App Store."",""projects"":[""Side project: 記帳 App""],""education"":[{""details"":""AppWorks School 培訓班""}],""experience"":[{""title"":""Mobile App Developer"",""years"":""2"",""company"":""17直播"",""achievements"":""Improved app startup 20%"",""responsibilities"":""Develop React Native features, integrate SDKs, performance tuning.""},{""title"":""iOS Developer"",""years"":""2"",""company"":""小型軟體公司"",""achievements"":""2 apps published"",""responsibilities"":""Build Swift apps, App Store submission.""}],""personal_info"":{""name"":""張嘉玲 (Chia-Ling Chang)"",""email"":""traveler_99@icloud.com"",""github"":""https://github.com/chia-ling-dev"",""location"":""Kaohsiung""}}","{""skills"":[""React Native"",""Swift"",""Flutter"",""JavaScript"",""iOS"",""Git""],""contact"":{""name"":""張嘉玲 (Chia-Ling Chang)"",""email"":""traveler_99@icloud.com""},""work_history"":[{""role"":""Mobile App Developer"",""company"":""17直播"",""duration_years"":2},{""role"":""iOS Developer"",""company"":""小型軟體公司"",""duration_years"":2}]}",cf975b3d-0977-41e4-aefd-214718c4eec0,true,true,2026-02-01 01:28:09+00,2026-02-01 01:28:09+00,行動開發工程師_張嘉玲
7,7,uploaded,"{""skills"":[{""name"":""React"",""level"":8},{""name"":""Node.js"",""level"":8},{""name"":""PostgreSQL"",""level"":7},{""name"":""TypeScript"",""level"":8},{""name"":""AWS"",""level"":6},{""name"":""Leadership"",""level"":7},{""name"":""Agile"",""level"":7},{""name"":""Docker"",""level"":7}],""privacy"":""private"",""summary"":""6 years fullstack + 2 years team lead. Led 4 engineers, shipped B2B SaaS. Strong in React, Node, system design."",""projects"":[""Tech blog, internal tools""],""education"":[{""details"":""國立清華大學 資工 碩士""}],""experience"":[{""title"":""Technical Lead"",""years"":""2"",""company"":""iCHEF"",""achievements"":""Team velocity +30%"",""responsibilities"":""Lead backend team, code review, architecture decisions, mentor juniors.""},{""title"":""Fullstack Engineer"",""years"":""4"",""company"":""Eztable"",""achievements"":""Handled 10x traffic growth"",""responsibilities"":""Build reservation system, React + Node.js, PostgreSQL.""}],""personal_info"":{""name"":""吳冠宇 (Kevin Wu)"",""email"":""kevin.hr@company.com"",""github"":""https://github.com/kevin-wu-tech"",""location"":""Taipei""}}","{""skills"":[""React"",""Node.js"",""PostgreSQL"",""TypeScript"",""AWS"",""Leadership"",""Agile"",""Docker""],""contact"":{""name"":""吳冠宇 (Kevin Wu)"",""email"":""kevin.hr@company.com""},""work_history"":[{""role"":""Technical Lead"",""company"":""iCHEF"",""duration_years"":2},{""role"":""Fullstack Engineer"",""company"":""Eztable"",""duration_years"":4}]}",571201f0-a782-4999-aa13-79004fc7fec6,true,true,2026-02-01 01:28:09+00,2026-02-01 01:28:09+00,全端技術領導_吳冠宇
8,8,uploaded,"{""skills"":[{""name"":""Python"",""level"":4},{""name"":""JavaScript"",""level"":3},{""name"":""HTML/CSS"",""level"":4},{""name"":""Git"",""level"":3}],""privacy"":""public"",""summary"":""資工系大四實習生。修過資料結構、演算法、網頁程式設計。完成課程專案，正在學習 React。"",""projects"":[""課程專案: 圖書館借閱系統"",""Side project: 個人網站 (static)""],""education"":[{""details"":""國立中山大學 資工系 在學 (預計 2026 畢業)""}],""experience"":[{""title"":""Intern Software Engineer"",""years"":""0.25"",""company"":""實習公司 (3個月)"",""achievements"":""完成 onboarding 培訓"",""responsibilities"":""協助測試、修 minor bug、撰寫文件.""}],""personal_info"":{""name"":""陳怡君 (Nina Chen)"",""email"":""nina_art@gmail.com"",""github"":""https://github.com/nina-chen-tw"",""location"":""Tainan""}}","{""skills"":[""Python"",""JavaScript"",""HTML/CSS"",""Git""],""contact"":{""name"":""陳怡君 (Nina Chen)"",""email"":""nina_art@gmail.com""},""work_history"":[{""role"":""Intern Software Engineer"",""company"":""實習公司"",""duration_years"":0.25}]}",f9e92604-b110-402d-9d73-a8991982263f,true,true,2026-02-01 01:28:09+00,2026-02-01 01:28:09+00,實習前端工程師_陳怡君
9,9,uploaded,"{""skills"":[{""name"":""AWS"",""level"":9},{""name"":""GCP"",""level"":7},{""name"":""Kubernetes"",""level"":8},{""name"":""Terraform"",""level"":8},{""name"":""Python"",""level"":7},{""name"":""Docker"",""level"":8},{""name"":""Linux"",""level"":8},{""name"":""Security"",""level"":7}],""privacy"":""public"",""summary"":""7 years Cloud architecture. AWS Solutions Architect certified. Designed multi-region infra for fintech."",""projects"":[""AWS re:Invent attendee"",""Internal cloud training""],""education"":[{""details"":""元智大學 資訊工程 碩士""}],""experience"":[{""title"":""Cloud Solutions Architect"",""years"":""4"",""company"":""玉山銀行"",""achievements"":""Led migration of 100+ services"",""responsibilities"":""Design cloud migration, security compliance, cost optimization, training teams.""},{""title"":""Cloud Engineer"",""years"":""3"",""company"":""中華電信"",""achievements"":""Reduced cloud spend 30%"",""responsibilities"":""AWS/GCP deployment, IaC with Terraform, monitoring setup.""}],""personal_info"":{""name"":""蔡志強 (Alex Tsai)"",""email"":""alex_fit@me.com"",""github"":""https://github.com/alex-tsai-tech"",""location"":""Hsinchu""}}","{""skills"":[""AWS"",""GCP"",""Kubernetes"",""Terraform"",""Python"",""Docker"",""Linux"",""Security""],""contact"":{""name"":""蔡志強 (Alex Tsai)"",""email"":""alex_fit@me.com""},""work_history"":[{""role"":""Cloud Solutions Architect"",""company"":""玉山銀行"",""duration_years"":4},{""role"":""Cloud Engineer"",""company"":""中華電信"",""duration_years"":3}]}",2533873d-6f28-4678-bf14-02b8207da50c,true,true,2026-02-01 01:28:09+00,2026-02-01 01:28:09+00,雲端架構師_蔡志強
10,10,uploaded,"{""skills"":[{""name"":""JavaScript"",""level"":3},{""name"":""HTML/CSS"",""level"":4},{""name"":""React"",""level"":2}],""privacy"":""private"",""summary"":""2025 年畢業生，無正式工作經驗。自學前端約 6 個月，做過幾個練習專案。積極求職中。"",""projects"":[""練習: Todo App"",""練習: 氣象 API 串接"",""畢業專題: 線上問卷系統 (前端部分)""],""education"":[{""details"":""國立台灣大學 資工系 學士 2025 畢業""}],""experience"":[],""personal_info"":{""name"":""劉家豪 (David Liu)"",""email"":""demo_user@test.com"",""github"":""https://github.com/david-liu-remote"",""location"":""Remote (Taoyuan)""}}","{""skills"":[""JavaScript"",""HTML/CSS"",""React""],""contact"":{""name"":""劉家豪 (David Liu)"",""email"":""demo_user@test.com""},""work_history"":[]}",c77b6e42-8f77-483e-956c-5e4f888ddd0a,true,true,2026-02-01 01:28:09+00,2026-02-01 01:28:09+00,應屆畢業生_前端_劉家豪
11,11,uploaded,"{""skills"":[{""name"":""AWS"",""level"":8}],""privacy"":""public"",""summary"":""A brief professional summary or objective extracted from the resume."",""projects"":[""Project 1: Internal cloud training. Description: 主導公司內部的雲端架構培訓計畫。""],""education"":[{""details"":""Degree, Major, University Name, Graduation Year""}],""experience"":[{""title"":""Cloud Solutions Architect"",""years"":""4 years"",""company"":""玉山銀行"",""achievements"":""Led migration of 100+ services."",""responsibilities"":""Design cloud migration, security compliance, cost optimization.""}]}","{""contact"":{""name"":""蔡志強"",""email"":""alex_fit@me.com"",""github"":""https://github.com/alex-tsai-tech"",""location"":""Hsinchu, Taiwan""},""work_history"":[{""role"":""Cloud Solutions Architect"",""company"":""玉山銀行"",""duration_years"":""4""}]}",debe18a7-5c20-4674-a3f7-9534ccdef5e9,true,true,2026-02-20 12:27:19+00,2026-02-20 12:27:19+00,雲端架構師_樣板1_蔡志強
12,12,uploaded,"{""skills"":[{""name"":""Java"",""level"":8}],""privacy"":""public"",""summary"":""A brief professional summary"",""projects"":[""Project 1: Speaker at COSCUP. Description: Share microservices architecture and performance with Kubernetes. Education: Graduated from successful university, electrical engineering, master's degree, 2015"",""Project 2: Speaker at AWS Summit. Description: Share microservices architecture and performance with Kubernetes. Education: Graduated from successful university, electrical engineering, master's degree, 2015""],""experience"":[{""title"":""Senior Software Engineer"",""years"":""4 years"",""company"":""LINE Taiwan"",""achievements"":""Reduced infra cost 25%"",""responsibilities"":""Design system architecture, lead tech decisions, evaluate new technologies""}]}","{""contact"":{""name"":""Jason Wang"",""email"":""tech_guru@outlook.com"",""github"":""https://github.com/wang-tech-pro"",""location"":""New Taipei, Taiwan""},""work_history"":[{""role"":""Senior Software Engineer"",""company"":""LINE Taiwan"",""duration_years"":""4.5""}]}",c34a1ff9-adc9-44b4-b7e5-b9ededc02005,true,true,2026-02-20 12:38:30+00,2026-02-20 12:38:30+00,後端工程師_樣板1_JasonWang
13,13,uploaded,"{""skills"":[{""name"":""Python"",""level"":8},{""name"":""JavaScript"",""level"":8}],""privacy"":""public"",""summary"":""A brief professional summary"",""projects"":[""Project 1: 圖書館借閱系統""],""education"":[{""details"":""國立中山大學, 資訊工程學系, 在學 (預計 2025 畢業)""}],""experience"":[{""title"":""Intern Software Engineer"",""years"":""3 months"",""company"":""網銀國際"",""achievements"":""完成 onboarding 培訓並貢獻 5 個 PR"",""responsibilities"":""協助測試、修 minor bug、撰寫 API 規格文件""}]}","{""contact"":{""name"":""陳怡君"",""email"":""nina_artl@gmail.com"",""github"":""https://github.com/nina-chen-tw"",""location"":""Tainan, Taiwan""},""work_history"":[{""role"":""Intern Software Engineer"",""company"":""網銀國際"",""duration_years"":""3 months""}]}",36149e13-a97a-49ae-a1ac-d1f60778844c,true,true,2026-02-20 12:47:05+00,2026-02-20 12:47:05+00,實習生_樣板1_陳怡君
14,14,uploaded,"{""contact"":{""name"":""洪明德"",""email"":""mike_dev@protonmail.com"",""github"":""https://github.com/mike-hung-dev"",""location"":""Taipei, Taiwan""},""education"":[{""details"":""國立臺灣科技大學, 電子工程, 碩士, 2013""}],""experience"":[{""title"":""DevOps Lead"",""years"":""5"",""company"":""PChome"",""achievements"":""99.9% uptime, 50% faster deploy."",""responsibilities"":""Own CI/CD pipeline, manage K8s, on-call rotation, cost optimization.""},{""title"":""DevOps Engineer"",""years"":""5"",""company"":""Yahoo Taiwan"",""achievements"":""Automated 80% manual ops."",""responsibilities"":""Terraform infra, Jenkins, monitoring with Prometheus/Grafana. Projects: Kubernetes Helm charts.""}]}","{""name"":""洪明德 (Michael Hung)"",""contact"":{""name"":""洪明德 (Michael Hung)"",""email"":""mike_dev@protonmail.com"",""github"":""https://github.com/mike-hung-dev"",""location"":""Taipei, Taiwan""},""education"":[{""details"":""國立臺灣科技大學, 電子工程, 碩士, 2013""}],""work_history"":[{""role"":""DevOps Lead"",""company"":""PChome"",""achievements"":""99.9% uptime, 50% faster deploy."",""duration_years"":""5"",""responsibilities"":""Own CI/CD pipeline, manage K8s, on-call rotation, cost optimization.""},{""role"":""DevOps Engineer"",""company"":""Yahoo Taiwan"",""achievements"":""Automated 80% manual ops."",""duration_years"":""5"",""responsibilities"":""Terraform infra, Jenkins, monitoring with Prometheus/Grafana. Projects: Kubernetes Helm charts.""}]}",70b15596-93cc-4665-9400-ab9ec91fd7da,true,true,2026-02-20 13:02:56+00,2026-02-20 13:02:56+00,DevOps_樣板1_洪明德
15,15,uploaded,"{""privacy"":""public"",""summary"":""具備前後端獨立開發能力, 熟悉 MERN 技術棧。曾主導開發即時通訊系統, 善於跨部門溝通。Skills: JavaScript, Node.js, Express.js, React.js, MongoDB, Git"",""projects"":[""Project 1: 即時聊天室, Description: 使用 Socket.io 與 Node.js 開發的即時通訊服務。Education: 達甲大學, 資訊工程學系, 學士, 2020 畢業""],""experience"":[{""title"":""Junior Fullstack Developer"",""years"":""2.5"",""company"":""Decathlon"",""achievements"":""開發內部員工排班系統, 減少 30% 人工作業時間。"",""responsibilities"":""獨立負責 REST API 開發與前端 React 介面置作。Projects: Project 1: 即時聊天室, Description: 使用 Socket.io 與 Node.js 開發的即時通訊服務。Education: 達甲大學, 資訊工程學系, 學士, 2020 畢業""}]}","{""name"":""李曉雯 (Sarah Lee)"",""skills"":[{""name"":""JavaScript"",""level"":8},{""name"":""Node.js"",""level"":8},{""name"":""Express.js"",""level"":8},{""name"":""React.js"",""level"":8},{""name"":""MongoDB"",""level"":8},{""name"":""Git"",""level"":8}],""contact"":{""name"":""李曉雯 (Sarah Lee)"",""email"":""sarah.w@hotmail.com"",""github"":""https://github.com/sarah-lee-dev"",""location"":""Taiwan""},""education"":[{""details"":""達甲大學, 資訊工程學系, 學士, 2020""}],""work_history"":[{""role"":""Junior Fullstack Developer"",""company"":""Decathlon"",""duration_years"":""2.5""}]}",841e25d8-19cc-4581-a31a-9bf7128e4ab3,true,true,2026-02-20 13:13:22+00,2026-02-20 13:13:22+00,全端工程師_樣板1_李曉雯
16,16,uploaded,"{""skills"":[{""name"":""Python"",""level"":8},{""name"":""SQL"",""level"":8},{""name"":""Apache Spark"",""level"":8},{""name"":""Airflow"",""level"":8},{""name"":""Hadoop"",""level"":8},{""name"":""Snowflake"",""level"":8}],""privacy"":""private"",""summary"":""熟悉大規模數據處理與 ETL 數據管線建置。精通 Python 與複雜 SQL 查詢, 能有效利用 Spark 處理日誌資料。Skills: Python, SQL, Apache Spark, Airflow, Hadoop, Snowflake, ETL Experience."",""projects"":[""信用卡防詐欺數據萃取""],""education"":[{""details"":""國立中央大學, 資訊管理學系, 碩士, 2020 畢業""}],""experience"":[{""title"":""Data Engineer"",""years"":""3 years"",""company"":""國泰世華銀行"",""achievements"":""優化核心資料倉儲 ETL 流程, 將執行時間從 4 小時縮短至 1 小時。"",""responsibilities"":""開發與維護 Airflow 排程, 建構跨系統的 Data Pipeline。""}]}","{""contact"":{""name"":""吳建宏 (Jason Wu)"",""email"":""jason.data@email.com"",""github"":""https://github.com/jason-data-eng"",""location"":""Taipei""},""work_history"":[{""role"":""Data Engineer"",""company"":""國泰世華銀行"",""duration_years"":""3 years""}]}",b2ed400c-8138-4050-8191-9a29b0c8324d,true,true,2026-02-20 13:35:03+00,2026-02-20 13:35:03+00,資料工程師_吳建宏
17,17,uploaded,"{""skills"":[{""name"":""Swift"",""level"":8},{""name"":""Objective-C"",""level"":8},{""name"":""SwiftUI"",""level"":8},{""name"":""MVVM"",""level"":8},{""name"":""CoreData"",""level"":8}],""privacy"":""public"",""summary"":""擁有 3 款 App Store 實際上架作品的 iOS 開發者。精通 Swift 與 SwiftUI 介面開發，專注於流暢的行動裝置體驗。Skills: Swift, Objective-C, SwiftUI, MVVM, CoreData, Xcode Experience: Job Title: iOS Developer | Company: 遊戲橘子 | Duration: 2 years (2022.01 - 2024.01) Achievements: 主導重構舊有社群 App, Crash Rate 降至 0.1% 以下。 Responsibilities: 負責新功能開發、API 串接與效能監控。Projects: Project 1: 個人記帳 App, Description: 上架於 App Store, 累積超過 5 萬次下載。 Education: 國立高雄科技大學, 資訊工程學系, 學士, 2021 畢業"",""education"":[{""details"":""國立高雄科技大學, 資訊工程學系, 學士, 2021 畢業""}],""experience"":[{""title"":""iOS Developer"",""years"":""2 years"",""company"":""公司名"",""achievements"":""主導重構舊有社群 App, Crash Rate 降至 0.1% 以下。"",""responsibilities"":""負責新功能開發、API 串接與效能監控。""}]}","{""skills"":[""Swift (8)"",""Objective-C (8)"",""SwiftUI (8)"",""MVVM (8)"",""CoreData (8)""],""contact"":{""name"":""林克里斯 (Chris Lin)"",""email"":""chris.io@email.com"",""github"":""https://github.com/chris-ios-dev"",""location"":""Kaohsiung, Taiwan""},""privacy"":""public"",""summary"":""林克里斯 (Chris Lin) 是一名擁有 3 款 App Store 實際上架作品的 iOS 開發者。精通 Swift 和 SwiftUI 介面開發，專注於流暢的行動裝置體驗。擁有 2 年的 iOS 開發經驗。"",""education"":[{""details"":""國立高雄科技大學, 資訊工程學系, 學士, 2021 畢業""}],""work_history"":[{""role"":""iOS Developer"",""company"":""遊戲橘子"",""duration_years"":""2.5""}]}",07e65089-b7cd-468a-b6f5-d5e01db65709,true,true,2026-02-20 13:43:14+00,2026-02-20 13:43:14+00,iOS工程師_林克里斯
18,18,uploaded,"{""contact"":{""name"":""Ethan Cheng"",""email"":""ethan.go@email.com"",""github"":""https://github.com/ethan-golang"",""location"":""Taipei, Taiwan""},""education"":[{""details"":""國立陽明交通大學, 資訊工程學系, 碩士, 2019""}],""experience"":[{""title"":""Senior Backend Engineer"",""years"":""4"",""company"":""Golang"",""projects"":[""Project 1: 分散式推購系統""],""achievements"":""優化購物車服務 API, 降低 40% 的回應延遲 (Latency)"",""responsibilities"":""使用 Golang 開發高併發微服務、gRPC 內部通訊設計、Redis 快取 策略優化。""}]}","{""name"":""Ethan Cheng"",""skills"":[""Python"",""gRPC"",""Redis"",""PostgreSQL"",""Kubernetes"",""Docker""],""contact"":{""name"":""Ethan Cheng"",""email"":""ethan.go@email.com"",""github"":""https://github.com/ethan-golang"",""location"":""Taipei, Taiwan""},""education"":[{""details"":""國立陽明交通大學, 資訊工程學系, 碩士, 2019""}],""work_history"":[{""role"":""Senior Backend Engineer"",""company"":""Golang"",""duration_years"":""4""}]}",3a71cef3-644b-442a-816b-4bcaca8de82b,true,true,2026-02-20 13:53:12+00,2026-02-20 13:53:12+00,資深後端工程師_EthanCheng
19,19,uploaded,"{""skills"":[{""name"":""Python"",""level"":8},{""name"":""Selenium"",""level"":8},{""name"":""Apium"",""level"":8},{""name"":""PyTest"",""level"":8},{""name"":""Jenkins"",""level"":8}],""privacy"":""public"",""summary"":""A brief professional summary"",""projects"":[""Project 1: 開源自動化測試工具""],""education"":[{""details"":""國立中央大學, 資訊管理學系, 學士, 2020 畢業""}],""experience"":[{""title"":""QA Automation Engineer"",""years"":""3 years"",""company"":""趨勢科技"",""achievements"":""建立 E2E 自動化測試框架, 減少 60% 手動回歸測試時間。"",""responsibilities"":""撰寫自動化測試腳本、維護 CI/CD pipeline、API 效能測試。""}]}","{""contact"":{""name"":""趙佳穎 (Joanne Chao)"",""email"":""joanne.qa@email.com"",""github"":""https://github.com/joanne-chao-qa"",""location"":""Taipei, Taiwan""},""work_history"":[{""role"":""QA Automation Engineer"",""company"":""趨勢科技"",""duration_years"":""3.0""}]}",b7b4323b-51d1-4572-aa49-ef01155fa25a,true,true,2026-02-20 14:01:39+00,2026-02-20 14:01:39+00,QA自動化工程師_趙佳穎
20,20,uploaded,"{""skills"":[{""name"":""Python (FastAPI, Flask)"",""level"":8}],""privacy"":""public"",""summary"":""A brief professional summary"",""projects"":[""Project 1: 智慧化社群通知服務 (Discord Bot)""],""education"":[{""details"":""國立臺灣科技大學, 資訊管理系, 學士, 2024 畢業""}],""experience"":[{""title"":""Backend Engineer"",""years"":""2023.06 - 2024.01"",""company"":""個人開發專案"",""achievements"":""獨立設計並實作一套高併發物流追蹤系統, 優化資料查詢效率, 使 API 回應速度提升 30%。"",""responsibilities"":""負責 PostgreSQL 資料庫 Schema 設計與 SQL 語法優化。透過 Docker 實現服務微服務化, 簡化部署流程。""}]}","{""name"":""林大衛 (David Lin)"",""skills"":[""Python (FastAPI, Flask)""],""contact"":{""name"":""林大衛 (David Lin)"",""email"":""david.lin.dev@example.com"",""github"":""https://github.com/dlin-backend-demo"",""location"":""Taipei, Taiwan""},""education"":[{""details"":""國立臺灣科技大學, 資訊管理系, 學士, 2024 畢業""}],""work_history"":[{""role"":""Backend Engineer"",""company"":""個人開發專案"",""duration_years"":""2023.06 - 2024.01""}]}",2cf7b433-a019-4ea1-8fd7-a2ac76f63386,true,true,2026-02-20 14:09:05+00,2026-02-20 14:09:05+00,後端工程師_Python_林大衛
33,37,generated,"{""name"":""林雅婷"",""email"":""yalin@example.com"",""phone"":""0912-345-678"",""github"":null,""skills"":{""tools"":[""ggplot2"",""dplyr"",""PLINK"",""Excel""],""domain"":[""生物統計"",""基因體學"",""資料視覺化""],""programming"":[""R"",""Python（基礎）""]},""summary"":""國立台灣大學生物醫學研究所應屆畢業生，主修生物統計與基因體學，熟悉以 R 語言進行 GWAS 資料分析，具備統計建模與數據視覺化能力，目標轉職資料科學領域。"",""linkedin"":null,""projects"":[{""name"":""GWAS 資料分析方法比較"",""tools"":[""R"",""PLINK"",""ggplot2""],""description"":""以 R 語言對 GWAS 資料進行 PCA、QQ-plot、Manhattan plot 等分析，比較不同統計校正方法的效能差異""}],""education"":[{""major"":""生物統計與基因體學"",""notes"":""畢業論文：以 R 語言分析 GWAS 資料之方法比較"",""degree"":""學士"",""school"":""國立台灣大學"",""department"":""生物醫學研究所"",""graduation_year"":""2026""}],""experience"":[],""autobiography"":""我是林雅婷，就讀台大生醫所期間深入研究基因體數據分析，對數據背後的統計邏輯充滿熱情。希望將生醫研究中的統計背景轉化為資料科學職涯的核心競爭力。""}","{""name"":""林雅婷"",""email"":""yalin@example.com"",""skills"":[""R"",""Python"",""Statistics"",""Data Visualization"",""GWAS"",""ggplot2""],""summary"":""生醫背景應屆生，具備 R/Python 統計分析能力，目標轉職 Data Scientist"",""projects"":[{""name"":""GWAS Data Analysis"",""tech_stack"":[""R"",""PLINK"",""ggplot2""],""description"":""Compared statistical correction methods for GWAS data using PCA and visualization""}],""education"":[{""degree"":""Bachelor"",""school"":""National Taiwan University"",""department"":""Graduate Institute of Biomedical Sciences"",""graduation_year"":2026}],""experience"":[],""target_role"":""Data Scientist"",""normalized_at"":""2026-03-04T12:00:00Z"",""years_of_experience"":0}",306ac116-6816-403e-8890-b46f0af252e6,true,true,2026-03-04 09:00:00+00,2026-03-04 09:00:00+00,資料科學家_林雅婷
34,38,generated,"{""name"":""陳怡君"",""email"":""yjchen@example.com"",""phone"":""0923-456-789"",""github"":null,""skills"":{""tools"":[""Google Analytics"",""Facebook Ads Manager"",""Figma（基礎）"",""Excel""],""domain"":[""數位行銷"",""社群媒體"",""廣告投放"",""A/B 測試""],""programming"":[""HTML"",""CSS（自學中）""]},""summary"":""輔仁大學行銷管理學系畢業，現任數位行銷企劃 2 年，負責社群媒體廣告投放與 Landing Page 優化。自學 HTML/CSS 約 3 個月，對前端實作有高度興趣，積極轉職前端工程師。"",""linkedin"":null,""projects"":[{""name"":""個人作品集網站（製作中）"",""tools"":[""HTML"",""CSS""],""description"":""以 HTML/CSS 從零建立個人靜態網站，學習 Flexbox 與 Grid 排版""}],""education"":[{""degree"":""學士"",""school"":""輔仁大學"",""department"":""行銷管理學系"",""graduation_year"":""2022""}],""experience"":[{""title"":""數位行銷企劃"",""company"":""某數位行銷公司"",""duration"":""2022/07 – 現在（約2年）"",""description"":[""負責 Facebook / Instagram 廣告投放，月預算管理達 50 萬元"",""優化 Landing Page 文案與視覺，提升轉換率 15%"",""與工程師協作進行網站 A/B 測試，撰寫需求文件""]}],""autobiography"":""我是陳怡君，在行銷工作中頻繁與工程師溝通，深感自己動手實現創意的重要性。自學前端 3 個月後，決定全力轉職，期待將行銷對使用者體驗的敏感度帶入前端開發。""}","{""name"":""陳怡君"",""email"":""yjchen@example.com"",""skills"":[""HTML"",""CSS"",""Google Analytics"",""Figma"",""A/B Testing""],""summary"":""行銷背景2年，自學HTML/CSS，目標轉職 Frontend Engineer"",""education"":[{""degree"":""Bachelor"",""school"":""Fu Jen Catholic University"",""department"":""Marketing Management"",""graduation_year"":2022}],""experience"":[{""title"":""Digital Marketing Planner"",""key_skills"":[""Google Analytics"",""A/B Testing"",""Landing Page Optimization""],""duration_months"":24}],""target_role"":""Frontend Engineer"",""normalized_at"":""2026-03-04T12:05:00Z"",""years_of_experience"":2}",d39e150e-6aa6-44f4-b226-9c39b7cdb46c,true,true,2026-03-04 09:05:00+00,2026-03-04 09:05:00+00,前端工程師_陳怡君
35,39,generated,"{""name"":""王志豪"",""email"":""zhwang@example.com"",""phone"":""0934-567-890"",""github"":null,""skills"":{""tools"":[""Git"",""SQLite"",""VS Code""],""domain"":[""後端開發（入門）"",""RESTful API 基礎""],""programming"":[""Python（基礎）"",""Flask（學習中）""]},""summary"":""私立大學體育休閒系畢業，服完兵役後參加為期 3 個月軟體工程師 Bootcamp，目前學習 Python 與 Flask 基礎，積極尋找後端工程師入門職缺。"",""linkedin"":null,""projects"":[{""name"":""Bootcamp 期末專題：待辦事項 REST API"",""tools"":[""Python"",""Flask"",""SQLite""],""description"":""以 Flask 建立基本 CRUD REST API，具備使用者登入、任務新增/刪除/更新功能""}],""education"":[{""degree"":""學士"",""school"":""私立大學"",""department"":""體育休閒系"",""graduation_year"":""2024""},{""notes"":""課程內容：Python、Flask、SQLite、Git 基礎"",""degree"":""結業證書"",""school"":""軟體工程師 Bootcamp"",""department"":""後端工程"",""graduation_year"":""2026（預計）""}],""experience"":[{""title"":""義務役士兵"",""company"":""中華民國陸軍"",""duration"":""2024/09 – 2025/06"",""description"":[""完成基礎訓練與常備軍事任務""]}],""autobiography"":""我是王志豪，雖然大學主修體育，但退伍後下定決心學習程式設計。參加 Bootcamp 期間每天自主學習超過 10 小時，對後端開發充滿熱情，目標成為一名後端工程師。""}","{""name"":""王志豪"",""email"":""zhwang@example.com"",""skills"":[""Python"",""Flask"",""SQLite"",""Git"",""REST API""],""summary"":""Bootcamp學員，Python/Flask入門，非本科轉職後端，0年正式經驗"",""education"":[{""degree"":""Certificate"",""school"":""Bootcamp"",""department"":""Backend Engineering"",""graduation_year"":2026}],""experience"":[],""target_role"":""Backend Engineer"",""normalized_at"":""2026-03-04T12:10:00Z"",""years_of_experience"":0}",b7b00d06-5764-4fec-98ba-38e2847431b7,true,true,2026-03-04 09:10:00+00,2026-03-04 09:10:00+00,後端工程師_王志豪
36,40,generated,"{""name"":""李佳穎"",""email"":""jyli@example.com"",""phone"":""0945-678-901"",""github"":null,""skills"":{""tools"":[""Excel（VLOOKUP, PivotTable, 條件格式）"",""PowerPoint"",""SAP（基礎）""],""domain"":[""財務報表"",""成本分析"",""預算管理"",""會計準則""],""programming"":[""Excel（進階）""]},""summary"":""逢甲大學會計學系畢業，現任財務助理 1 年，熟悉 Excel 進階操作與樞紐分析表，具備財務報表製作與數據分析基礎，目標轉職資料分析師。"",""linkedin"":null,""projects"":[],""education"":[{""degree"":""學士"",""school"":""逢甲大學"",""department"":""會計學系"",""graduation_year"":""2023""}],""experience"":[{""title"":""財務助理"",""company"":""某製造業公司"",""duration"":""2023/08 – 現在（約1年）"",""description"":[""負責每月財務報表製作，包含損益表、資產負債表彙整"",""使用 Excel 樞紐分析表進行成本分析，每月提供部門費用報告"",""協助年度預算編製，整理並核對各部門費用資料""]}],""autobiography"":""我是李佳穎，在財務工作中大量使用 Excel 進行數據分析，發現自己對數據背後的洞察更感興趣。希望進一步學習 Python 與 SQL，轉往資料分析領域發展。""}","{""name"":""李佳穎"",""email"":""jyli@example.com"",""skills"":[""Excel"",""PivotTable"",""Financial Reporting"",""SAP"",""PowerPoint""],""summary"":""會計背景財務助理1年，Excel進階熟悉，目標轉職 Data Analyst"",""education"":[{""degree"":""Bachelor"",""school"":""Feng Chia University"",""department"":""Accounting"",""graduation_year"":2023}],""experience"":[{""title"":""Financial Assistant"",""key_skills"":[""Excel"",""Financial Reporting"",""Cost Analysis"",""SAP""],""duration_months"":12}],""target_role"":""Data Analyst"",""normalized_at"":""2026-03-04T12:15:00Z"",""years_of_experience"":1}",05b31a09-f3d3-4926-b631-d01fd7692c6d,true,true,2026-03-04 09:15:00+00,2026-03-04 09:15:00+00,資料分析師_李佳穎
37,41,generated,"{""name"":""吳宜蓁"",""email"":""ycwu@example.com"",""phone"":""0956-789-012"",""github"":""https://github.com/test-designer-wu"",""skills"":{""tools"":[""Figma"",""Adobe Illustrator"",""Zeplin"",""VS Code（自學中）""],""domain"":[""UI/UX 設計"",""Design System"",""Prototype"",""用戶研究""],""programming"":[""CSS（基礎）"",""JavaScript（入門）""]},""summary"":""實踐大學視覺傳達設計系畢業，現任 UI 設計師 1 年，熟悉 Figma，對 CSS 與 JavaScript 有入門概念，目標打通設計到實作的完整能力鏈，轉型全端工程師。"",""linkedin"":null,""projects"":[{""name"":""設計系統建置（工作中）"",""tools"":[""Figma"",""Storybook（學習中）""],""description"":""主導公司設計系統建置，定義 Color Token、Typography 規範、Component Library，與工程師共同維護""},{""name"":""個人網頁作品集（進行中）"",""tools"":[""HTML"",""CSS"",""JavaScript""],""description"":""以 HTML/CSS/JavaScript 建立個人設計作品集網站，自學 DOM 操作與基礎動效""}],""education"":[{""degree"":""學士"",""school"":""實踐大學"",""department"":""視覺傳達設計系"",""graduation_year"":""2024""}],""experience"":[{""title"":""UI 設計師"",""company"":""某設計工作室"",""duration"":""2024/07 – 現在（約1年）"",""description"":[""負責 App 與網頁 UI 介面設計，交付高保真 Figma 原型"",""與前端工程師協作，提供 Design Token 與切版規範文件"",""參與用戶訪談與可用性測試，迭代優化設計方案""]}],""autobiography"":""我是吳宜蓁，一年的 UI 設計師工作讓我深刻體會設計與工程之間的鴻溝。我希望成為能同時掌握設計美感與技術實作的全端工程師，讓好的設計不再因工程限制而妥協。""}","{""name"":""吳宜蓁"",""email"":""ycwu@example.com"",""github"":""https://github.com/test-designer-wu"",""skills"":[""Figma"",""CSS"",""JavaScript"",""HTML"",""Design System"",""Adobe Illustrator""],""summary"":""UI設計師1年，Figma熟練，CSS/JS入門，目標轉職 Frontend/Full Stack"",""education"":[{""degree"":""Bachelor"",""school"":""Shih Chien University"",""department"":""Visual Communication Design"",""graduation_year"":2024}],""experience"":[{""title"":""UI Designer"",""key_skills"":[""Figma"",""Design System"",""UI/UX"",""Prototype""],""duration_months"":12}],""target_role"":""Frontend Engineer"",""normalized_at"":""2026-03-04T12:20:00Z"",""years_of_experience"":1}",02d1e135-db06-4e85-9046-dd341881530b,true,true,2026-03-04 09:20:00+00,2026-03-04 09:20:00+00,前端工程師_吳宜蓁
154,1,uploaded_pdf,"{""bio"":""業於視覺傳達設計系’具備設計與程式雙重背景的前端開發者。專注於打造高轉換率的Landing Page 與流畅的Web App。擅長使用Svelte 與 Tailwind CSS快速建立高互動性的使用者介面’亚對提升網站载人速度舆核心網真指標 (CoreWebVitals）有濃厚興趣°"",""name"":""陳冠宇 (KevinChen)"",""email"":""kevin.chen.fe@example.com"",""other"":""GitHub: github.com/kevin-svelte"",""phone"":""0987-654-321"",""avatar"":"""",""skills"":""JavaScript (ES6+), TypeScript, HTML5, CSS3, Svelte, SvelteKit, Astro, Tailwind CSS, Vite, Figma, Git, GitHub Actions, RWD 響應式設計, Astro, Markdown"",""projects"":"""",""education"":""國立臺灣藝術大學（NTUA）, 視覺傅達設計學系, 學士, 2025年6月"",""languages"":[{""language"":""中文"",""proficiency"":""3""}],""experience"":"""",""addressCity"":"""",""addressDetail"":"""",""certifications"":"""",""addressDistrict"":""""}",{},,false,false,2026-03-12 09:33:05.964229+00,2026-03-12 09:33:05.964229+00,Che
158,62,uploaded_pdf,"{""bio"":""熱衷於打造流暢且具高互動性網真體的前端工程師，剛取得資計管理學士學。具備舆UI/UX設計師密切協作的經驗，能精還原Figma設計稿，致力於寫出高可護性且具備良好元件化的程式碼。"",""name"":""林以晴 (chloe Lin)"",""email"":""chloe.lin.frontend@email.com"",""other"":"""",""phone"":""0912-345-678"",""avatar"":"""",""skills"":""HTML5, CSS3, JavaScript (ES6+), TypeScript, Vue 3(Composition API), Nuxt.js, Pinia, Vue Router, Tailwind CSS, Sass/SCSS, Bootstrap, CSS Modules, Framer Motion, Vite, Webpack, npm/yarn, Jest, Cypress, RESTful API, GraphQL(Apollo Client), JWT"",""projects"":""色生活電商平台（EcoShop-SinglePage Application)\nVue 3, TypeScript, Pinia, Tailwind CSS, Stripe API, 2025年9月-2025年12月\n元件化開發：零打造響應式（RWD）電商網站，將首真丶商品列表、購物車等介面拆分為30+個可重覆使用的Vue元件，提升程式礁重用率。\n狀態管理：導人Pinia管理全局狀態，妥善處理購物車的增刪改查(CRUD）辑與跨元件的資料同步，確保使用者體驗無縫接軌。"",""education"":""資計管理學士, 2023"",""languages"":[{""language"":""English"",""proficiency"":""2""}],""experience"":"""",""addressCity"":"""",""addressDetail"":"""",""certifications"":"""",""addressDistrict"":""""}",{},,false,false,2026-03-12 14:25:25.499994+00,2026-03-12 14:25:25.499994+00,林以晴的履歷
159,57,uploaded_pdf,"{""bio"":""熱衷於打造流暢且具高互動性網真體的前端工程師，剛取得資計管理學士學。具備舆UI/UX設計師密切協作的經驗，能精還原Figma設計稿，致力於寫出高可護性且具備良好元件化的程式碼。"",""name"":""林以晴 (chloe Lin)"",""email"":""chloe.lin.frontend@email.com"",""other"":"""",""phone"":""0912-345-678"",""avatar"":"""",""skills"":""HTML5, CSS3, JavaScript (ES6+), TypeScript, Vue 3(Composition API), Nuxt.js, Pinia, Vue Router, Tailwind CSS, Sass/SCSS, Bootstrap, CSS Modules, Framer Motion, Vite, Webpack, npm/yarn, Jest, Cypress, RESTful API, GraphQL(Apollo Client), JWT"",""projects"":""色生活電商平台（EcoShop-SinglePage Application)\nVue 3, TypeScript, Pinia, Tailwind CSS, Stripe API, 2025年9月-2025年12月\n元件化開發：零打造響應式（RWD）電商網站，將首真丶商品列表、購物車等介面拆分為30+個可重覆使用的Vue元件，提升程式礁重用率。\n狀態管理：導人Pinia管理全局狀態，妥善處理購物車的增刪改查(CRUD）辑與跨元件的資料同步，確保使用者體驗無縫接軌。"",""education"":""資計管理學士, 2023"",""languages"":[{""language"":""English"",""proficiency"":""2""}],""experience"":"""",""addressCity"":"""",""addressDetail"":"""",""certifications"":"""",""addressDistrict"":""""}",{},,false,false,2026-03-12 14:44:43.522856+00,2026-03-12 14:44:43.522856+00,ch.lin
160,62,uploaded_pdf,"{""bio"":""熱衷於打造流暢且具高互動性網真體的前端工程師，剛取得資計管理學士學。具備舆UI/UX設計師密切協作的經驗，能精還原Figma設計稿，致力於寫出高可護性且具備良好元件化的程式碼。"",""name"":""林以晴 (chloe Lin)"",""email"":""chloe.lin.frontend@email.com"",""other"":"""",""phone"":""0912-345-678"",""avatar"":"""",""skills"":""HTML5, CSS3, JavaScript (ES6+), TypeScript, Vue 3(Composition API), Nuxt.js, Pinia, Vue Router, Tailwind CSS, Sass/SCSS, Bootstrap, CSS Modules, Framer Motion, Vite, Webpack, npm/yarn, Jest, Cypress, RESTful API, GraphQL(Apollo Client), JWT"",""projects"":""色生活電商平台（EcoShop-SinglePage Application) - Vue 3, TypeScript, Pinia, Tailwind CSS, Stripe API (2025年9月-2025年12月)\n·元件化開發：零打造響應式（RWD）電商網站，將首真丶商品列表、購物車等介面拆分為30+個可重覆使用的Vue元件，提升程式礁重用率。\n·狀態管理：導人Pinia管理全局狀態，妥善處理購物車的增刪改查(CRUD）辑與跨元件的資料同步，確保使用者體驗無縫接軌。"",""education"":""資計管理學士, 2023"",""languages"":[{""language"":""English"",""proficiency"":""2""}],""experience"":"""",""addressCity"":"""",""addressDetail"":"""",""certifications"":"""",""addressDistrict"":""""}",{},,false,false,2026-03-12 15:00:45.69953+00,2026-03-12 15:00:45.69953+00,0312 2300
161,42,uploaded_pdf,"{""bio"":""Python開發經。擅長設計高效能APl、資料库優化以及容器化部署，致力於透過技術解決複雜的業務問題。"",""name"":""林大衛 (David Lin)"",""email"":"""",""other"":"""",""phone"":"""",""avatar"":"""",""skills"":""Python (FastAPI, Flask), Docker, Nginx, Git, Cl/CD basic concepts, PostgreSQL, Redis, Supabase"",""projects"":""智慧化社群通知服務(DiscordBot): 開發具偏動熊網真資料抓取（WebScraping）舆自動化通知功能的Discord機器人，支援多類道即時訊息同步。"",""education"":""國立臺灣科技大學，資訊管理系，學士，2024業"",""languages"":[{""language"":""中文"",""proficiency"":""3""}],""experience"":""Backend Engineer - 分散式電商物流系統（個人開發專案） (2023.06 - 2024.01)\n●Achievements：獨立設計實作一套高饼發物流追系統，優化資料查詢效率，使API回應速度提升30%\n●Responsibilities：使用FastAPI建立翼步處理架構，處理大量訂單狀熊更新。\n負 PostgreSQL 資料庫 Schema 設计與 SQL 語法優化。\n透過Docker實現服務微服務化，簡化部署流程。"",""addressCity"":"""",""addressDetail"":"""",""certifications"":"""",""addressDistrict"":""""}",{},,false,false,2026-03-12 15:04:37.211812+00,2026-03-12 15:04:37.211812+00,大L
162,42,uploaded_pdf,"{""bio"":""Python開發經。擅長設計高效能APl、資料库優化以及容器化部署，致力於透過技術解決複雜的業務問題。"",""name"":""林大衛 (David Lin)"",""email"":"""",""other"":"""",""phone"":"""",""avatar"":"""",""skills"":""Python (FastAPl, Flask), Docker, Nginx, Git, Cl/CD basic concepts, PostgreSQL, Redis, Supabase"",""projects"":""智慧化社群通知服務(DiscordBot): 開發具偏動熊網真資料抓取（WebScraping）舆自動化通知功能的Discord機器人，支援多類道即時訊息同步。"",""education"":""國立臺灣科技大學，資訊管理系，學士，2024業"",""languages"":[{""language"":""中文"",""proficiency"":""3""}],""experience"":""Backend Engineer - 分散式電商物流系統（個人開發專案） (2023.06 -2024.01)\nAchievements：獨立設計實作一套高饼發物流追系統，優化資料查詢效率，使API回應速度提升30%\nResponsibilities：*使用FastAPI建立翼步處理架構，處理大量訂單狀熊更新。\no負 PostgreSQL 資料庫 Schema 設计與 SQL 語法優化。\no透過Docker實現服務微服務化，簡化部署流程。"",""addressCity"":"""",""addressDetail"":"""",""certifications"":"""",""addressDistrict"":""""}",{},,false,false,2026-03-12 15:41:30.768048+00,2026-03-12 15:41:30.768048+00,林大衛